PrimerName,PrimerSeq
P5_seq_BC1,NNNNAACCACTAAAGCAGTGGTATCAACGCAGAGT
P5_seq_BC2,NNNNNAACTCTAAAAGCAGTGGTATCAACGCAGAGT
P5_seq_BC3,NNNNNNAAGGCCCTAAGCAGTGGTATCAACGCAGAGT
P5_seq_BC4,NNNNNNNAATATGTCAAGCAGTGGTATCAACGCAGAGT
P5_seq_BC5,NNNNNNNNAATCGTCAAAGCAGTGGTATCAACGCAGAGT
P7_i7_17_IgG,CAAGCAGAAGACGGCATACGAGATAGGCTGTCGCCAGGGGGAAGACCGATGGGCCCTTGGTGGA
P7_i7_18_IgG,CAAGCAGAAGACGGCATACGAGATCGGGAAGAGCCAGGGGGAAGACCGATGGGCCCTTGGTGGA
P7_i7_19_IgG,CAAGCAGAAGACGGCATACGAGATTGCAACAAGCCAGGGGGAAGACCGATGGGCCCTTGGTGGA
P7_i7_20_IgG,CAAGCAGAAGACGGCATACGAGATCATCTGTGGCCAGGGGGAAGACCGATGGGCCCTTGGTGGA
P7_i7_12_IgL,CAAGCAGAAGACGGCATACGAGATCCACTTAGGGCCTTGTTGGCTTGAAGCTCCTCAGAGGAGG
P7_i7_13_IgL,CAAGCAGAAGACGGCATACGAGATGGAATGGAGGCCTTGTTGGCTTGAAGCTCCTCAGAGGAGG
P7_i7_14_IgL,CAAGCAGAAGACGGCATACGAGATGATCACACGGCCTTGTTGGCTTGAAGCTCCTCAGAGGAGG
P7_i7_15_IgL,CAAGCAGAAGACGGCATACGAGATGCTAGACCGGCCTTGTTGGCTTGAAGCTCCTCAGAGGAGG
P7_i7_16_IgM,CAAGCAGAAGACGGCATACGAGATAGCGGCGAGAGACGAGGGGGAAAAGGGTTGGGGCGGATGC
